﻿DateTime,Name,Type,Status,Currency,Gross,Fee,Net,FromEmailAddress,ToEmailAddress
"2020-10-14 00:54:27.000","eBay auction payment.",T0004,S,USD,4.3600,-.3100,4.0500,taiwo_ohenhen@yahoo.com,beautifuloh@163.com
"2020-10-14 01:44:17.000","eBay auction payment.",T0004,S,USD,4.7500,-.3400,4.4100,Rafaelgarcia699@gmail.com,beautifuloh@163.com
"2020-10-14 01:48:44.000","eBay auction payment.",T0004,S,USD,6.6400,-.4500,6.1900,Rafaelgarcia699@gmail.com,beautifuloh@163.com
"2020-10-14 01:52:49.000","eBay auction payment.",T0004,S,USD,4.8500,-.3400,4.5100,Rafaelgarcia699@gmail.com,beautifuloh@163.com
"2020-10-14 02:02:38.000","eBay auction payment.",T0004,S,USD,4.8500,-.3400,4.5100,Rafaelgarcia699@gmail.com,beautifuloh@163.com
"2020-10-14 03:36:23.000","eBay auction payment.",T0004,S,USD,4.3600,-.3100,4.0500,mogambo242@gmail.com,beautifuloh@163.com
"2020-10-14 04:16:31.000","eBay auction payment.",T0004,S,USD,4.9100,-.3400,4.5700,msddolores@yahoo.com,beautifuloh@163.com
"2020-10-14 05:30:47.000","eBay auction payment.",T0004,S,USD,2.3700,-.1900,2.1800,sandy.villarreal@aol.com,beautifuloh@163.com
"2020-10-14 05:40:14.000","eBay auction payment.",T0004,S,USD,2.4000,-.1900,2.2100,duran.mjohnson@gmail.com,beautifuloh@163.com
"2020-10-14 06:00:38.000","eBay auction payment.",T0004,S,USD,2.4900,-.2000,2.2900,felixtheleopardgecko@gmail.com,beautifuloh@163.com
"2020-10-14 07:17:14.000","eBay auction payment.",T0004,S,USD,16.0800,-1.0100,15.0700,carmenleyva3@hotmail.com,beautifuloh@163.com
"2020-10-14 08:33:22.000","eBay auction payment.",T0004,S,CAD,4.3900,-.3100,4.0800,abanjabuchmann@gmail.com,beautifuloh@163.com
"2020-10-14 10:51:02.000","eBay auction payment.",T0004,S,USD,3.1100,-.2400,2.8700,Godnessy2@gmail.com,beautifuloh@163.com
"2020-10-14 12:13:42.000","eBay auction payment.",T0004,S,USD,3.1300,-.2400,2.8900,takisstavropoulos@gmail.com,beautifuloh@163.com
"2020-10-14 13:52:08.000","eBay auction payment.",T0004,S,USD,3.7000,-.2700,3.4300,sinta007@inbox.lv,beautifuloh@163.com
"2020-10-14 14:40:36.000","eBay auction payment.",T0004,S,USD,3.4300,-.2600,3.1700,kris.a.williams@icloud.com,beautifuloh@163.com
"2020-10-14 16:12:05.000","eBay auction payment.",T0004,S,USD,7.1100,-.4800,6.6300,cschmidt1074@gmail.com,beautifuloh@163.com
"2020-10-14 16:31:22.000","eBay auction payment.",T0004,S,USD,3.3200,-.2500,3.0700,m.g.m@outlook.dk,beautifuloh@163.com
"2020-10-14 16:57:17.000","eBay auction payment.",T0004,S,USD,12.3500,-.7900,11.5600,gestitos15@gmail.com,beautifuloh@163.com
"2020-10-14 18:11:35.000","eBay auction payment.",T0004,S,USD,7.5900,-.5100,7.0800,armando.rodcs@gmail.com,beautifuloh@163.com
"2020-10-14 21:35:21.000","eBay auction payment.",T0004,S,CAD,5.4900,-.3800,5.1100,leifpetterh@gmail.com,beautifuloh@163.com
"2020-10-14 23:39:12.000","eBay auction payment.",T0004,S,USD,4.5500,-.3200,4.2300,lindaharrison@xplornet.ca,beautifuloh@163.com
"2020-10-14 23:39:40.000","eBay auction payment.",T0004,S,USD,18.5000,-1.1600,17.3400,daylenepenney@hotmail.com,beautifuloh@163.com
"2020-10-14 23:55:04.000","eBay auction payment.",T0004,S,CAD,4.3900,-.3100,4.0800,josamin62@gmail.com,beautifuloh@163.com
"2020-10-15 01:55:39.000","eBay auction payment.",T0004,S,USD,3.1900,-.2400,2.9500,daguayo@dol.state.nj.us,beautifuloh@163.com
"2020-10-15 03:26:46.000","eBay auction payment.",T0004,S,USD,2.3000,-.1900,2.1100,chris_bunker@hotmail.com,beautifuloh@163.com
"2020-10-15 03:29:56.000","eBay auction payment.",T0004,S,USD,6.7700,-.4600,6.3100,chris_bunker@hotmail.com,beautifuloh@163.com
"2020-10-15 03:50:24.000","eBay auction payment.",T0004,S,USD,4.2700,-.3100,3.9600,medialot@gmail.com,beautifuloh@163.com
"2020-10-15 05:27:17.000","eBay auction payment.",T0004,S,USD,7.8700,-.5200,7.3500,alon.hayun@gmail.com,beautifuloh@163.com
"2020-10-15 06:39:19.000","eBay auction payment.",T0004,S,USD,11.0100,-.7100,10.3000,rasco@inbox.lv,beautifuloh@163.com
"2020-10-15 08:31:45.000","eBay auction payment.",T0004,S,CAD,5.4900,-.3800,5.1100,ma@lett-tak.no,beautifuloh@163.com
"2020-10-15 10:23:43.000","eBay auction payment.",T0004,S,CAD,4.3900,-.3100,4.0800,milanovn79@gmail.com,beautifuloh@163.com
"2020-10-15 13:20:13.000","eBay auction payment.",T0004,S,CAD,4.3900,-.3100,4.0800,valabels@gmail.com,beautifuloh@163.com
"2020-10-15 13:55:53.000","eBay auction payment.",T0004,S,USD,5.8000,-.4000,5.4000,ftinchoponce@gmail.com,beautifuloh@163.com
"2020-10-15 14:54:06.000","eBay auction payment.",T0004,S,USD,3.8900,-.2800,3.6100,nancymcknight77@yahoo.com,beautifuloh@163.com
"2020-10-15 15:26:01.000","eBay auction payment.",T0004,S,USD,2.1900,-.1800,2.0100,samsona197@gmail.com,beautifuloh@163.com
"2020-10-15 15:52:45.000","eBay auction payment.",T0004,S,CAD,3.2900,-.2500,3.0400,oferebay@gmail.com,beautifuloh@163.com
"2020-10-15 17:52:01.000","eBay auction payment.",T0004,S,USD,3.4100,-.2500,3.1600,alialhamaki28@gmail.com,beautifuloh@163.com
"2020-10-15 18:06:57.000","eBay auction payment.",T0004,S,USD,2.1900,-.1800,2.0100,kata.mlich@gmail.com,beautifuloh@163.com
"2020-10-15 18:26:41.000","eBay auction payment.",T0004,S,CAD,4.3900,-.3100,4.0800,filipag_8@hotmail.com,beautifuloh@163.com
"2020-10-15 18:41:44.000","eBay auction payment.",T0004,S,USD,7.4000,-.4900,6.9100,wojtekb@gmx.com,beautifuloh@163.com
"2020-10-15 19:50:44.000","eBay auction payment.",T0004,S,CAD,4.3900,-.3100,4.0800,hongzhoulong@gmail.com,beautifuloh@163.com
"2020-10-15 20:16:58.000","eBay auction payment.",T0004,S,CAD,4.7400,-.3300,4.4100,barronscott@charter.net,beautifuloh@163.com
"2020-10-15 20:57:58.000","eBay auction payment.",T0004,S,USD,2.6500,-.2100,2.4400,Binxalways@aol.com,beautifuloh@163.com
"2020-10-15 22:31:57.000","eBay auction payment.",T0004,S,CAD,5.4900,-.3800,5.1100,josephine.andersen@hotmail.com,beautifuloh@163.com
